"IgnoreCase","LineNumber","Line","Filename","Path","Pattern","Context","Matches"
"True","16","@RequestMapping(""/api/v1/adaptive"")","AdaptiveLearningPlanController.java","C:\TEAC2026\ilp_backend\adaptive-education-service\src\main\java\com\inclusive\adaptiveeducationservice\api\adaptive\AdaptiveLearningPlanController.java","assessments|kolb|felder|silverman|kuder|@RequestMapping|@PostMapping",,"System.Text.RegularExpressions.Match[]"
"True","3","import com.inclusive.adaptiveeducationservice.assessment.dto.FelderSilvermanAssessmentRequest;","FelderSilvermanAssessmentController.java","C:\TEAC2026\ilp_backend\adaptive-education-service\src\main\java\com\inclusive\adaptiveeducationservice\api\assessment\FelderSilvermanAssessmentController.java","assessments|kolb|felder|silverman|kuder|@RequestMapping|@PostMapping",,"System.Text.RegularExpressions.Match[]"
"True","4","import com.inclusive.adaptiveeducationservice.assessment.dto.FelderSilvermanAssessmentResponse;","FelderSilvermanAssessmentController.java","C:\TEAC2026\ilp_backend\adaptive-education-service\src\main\java\com\inclusive\adaptiveeducationservice\api\assessment\FelderSilvermanAssessmentController.java","assessments|kolb|felder|silverman|kuder|@RequestMapping|@PostMapping",,"System.Text.RegularExpressions.Match[]"
"True","5","import com.inclusive.adaptiveeducationservice.assessment.service.FelderSilvermanAssessmentService;","FelderSilvermanAssessmentController.java","C:\TEAC2026\ilp_backend\adaptive-education-service\src\main\java\com\inclusive\adaptiveeducationservice\api\assessment\FelderSilvermanAssessmentController.java","assessments|kolb|felder|silverman|kuder|@RequestMapping|@PostMapping",,"System.Text.RegularExpressions.Match[]"
"True","20","@RequestMapping(""/api/v1/assessments/felder-silverman"")","FelderSilvermanAssessmentController.java","C:\TEAC2026\ilp_backend\adaptive-education-service\src\main\java\com\inclusive\adaptiveeducationservice\api\assessment\FelderSilvermanAssessmentController.java","assessments|kolb|felder|silverman|kuder|@RequestMapping|@PostMapping",,"System.Text.RegularExpressions.Match[]"
"True","21","public class FelderSilvermanAssessmentController {","FelderSilvermanAssessmentController.java","C:\TEAC2026\ilp_backend\adaptive-education-service\src\main\java\com\inclusive\adaptiveeducationservice\api\assessment\FelderSilvermanAssessmentController.java","assessments|kolb|felder|silverman|kuder|@RequestMapping|@PostMapping",,"System.Text.RegularExpressions.Match[]"
"True","23","    private final FelderSilvermanAssessmentService assessmentService;","FelderSilvermanAssessmentController.java","C:\TEAC2026\ilp_backend\adaptive-education-service\src\main\java\com\inclusive\adaptiveeducationservice\api\assessment\FelderSilvermanAssessmentController.java","assessments|kolb|felder|silverman|kuder|@RequestMapping|@PostMapping",,"System.Text.RegularExpressions.Match[]"
"True","25","    @PostMapping","FelderSilvermanAssessmentController.java","C:\TEAC2026\ilp_backend\adaptive-education-service\src\main\java\com\inclusive\adaptiveeducationservice\api\assessment\FelderSilvermanAssessmentController.java","assessments|kolb|felder|silverman|kuder|@RequestMapping|@PostMapping",,"System.Text.RegularExpressions.Match[]"
"True","26","    public ResponseEntity<FelderSilvermanAssessmentResponse> submit(","FelderSilvermanAssessmentController.java","C:\TEAC2026\ilp_backend\adaptive-education-service\src\main\java\com\inclusive\adaptiveeducationservice\api\assessment\FelderSilvermanAssessmentController.java","assessments|kolb|felder|silverman|kuder|@RequestMapping|@PostMapping",,"System.Text.RegularExpressions.Match[]"
"True","27","            @Valid @RequestBody FelderSilvermanAssessmentRequest request","FelderSilvermanAssessmentController.java","C:\TEAC2026\ilp_backend\adaptive-education-service\src\main\java\com\inclusive\adaptiveeducationservice\api\assessment\FelderSilvermanAssessmentController.java","assessments|kolb|felder|silverman|kuder|@RequestMapping|@PostMapping",,"System.Text.RegularExpressions.Match[]"
"True","29","        return ResponseEntity.ok(assessmentService.submit(request));","FelderSilvermanAssessmentController.java","C:\TEAC2026\ilp_backend\adaptive-education-service\src\main\java\com\inclusive\adaptiveeducationservice\api\assessment\FelderSilvermanAssessmentController.java","assessments|kolb|felder|silverman|kuder|@RequestMapping|@PostMapping",,"System.Text.RegularExpressions.Match[]"
"True","33","    public ResponseEntity<List<FelderSilvermanAssessmentResponse>>","FelderSilvermanAssessmentController.java","C:\TEAC2026\ilp_backend\adaptive-education-service\src\main\java\com\inclusive\adaptiveeducationservice\api\assessment\FelderSilvermanAssessmentController.java","assessments|kolb|felder|silverman|kuder|@RequestMapping|@PostMapping",,"System.Text.RegularExpressions.Match[]"
"True","35","        return ResponseEntity.ok(assessmentService.findByStudentId(studentId));","FelderSilvermanAssessmentController.java","C:\TEAC2026\ilp_backend\adaptive-education-service\src\main\java\com\inclusive\adaptiveeducationservice\api\assessment\FelderSilvermanAssessmentController.java","assessments|kolb|felder|silverman|kuder|@RequestMapping|@PostMapping",,"System.Text.RegularExpressions.Match[]"
"True","3","import com.inclusive.adaptiveeducationservice.assessment.dto.KolbAssessmentRequest;","KolbAssessmentController.java","C:\TEAC2026\ilp_backend\adaptive-education-service\src\main\java\com\inclusive\adaptiveeducationservice\api\assessment\KolbAssessmentController.java","assessments|kolb|felder|silverman|kuder|@RequestMapping|@PostMapping",,"System.Text.RegularExpressions.Match[]"
"True","4","import com.inclusive.adaptiveeducationservice.assessment.dto.KolbAssessmentResponse;","KolbAssessmentController.java","C:\TEAC2026\ilp_backend\adaptive-education-service\src\main\java\com\inclusive\adaptiveeducationservice\api\assessment\KolbAssessmentController.java","assessments|kolb|felder|silverman|kuder|@RequestMapping|@PostMapping",,"System.Text.RegularExpressions.Match[]"
"True","5","import com.inclusive.adaptiveeducationservice.assessment.service.KolbAssessmentService;","KolbAssessmentController.java","C:\TEAC2026\ilp_backend\adaptive-education-service\src\main\java\com\inclusive\adaptiveeducationservice\api\assessment\KolbAssessmentController.java","assessments|kolb|felder|silverman|kuder|@RequestMapping|@PostMapping",,"System.Text.RegularExpressions.Match[]"
"True","20","@RequestMapping(""/api/v1/assessments/kolb"")","KolbAssessmentController.java","C:\TEAC2026\ilp_backend\adaptive-education-service\src\main\java\com\inclusive\adaptiveeducationservice\api\assessment\KolbAssessmentController.java","assessments|kolb|felder|silverman|kuder|@RequestMapping|@PostMapping",,"System.Text.RegularExpressions.Match[]"
"True","21","public class KolbAssessmentController {","KolbAssessmentController.java","C:\TEAC2026\ilp_backend\adaptive-education-service\src\main\java\com\inclusive\adaptiveeducationservice\api\assessment\KolbAssessmentController.java","assessments|kolb|felder|silverman|kuder|@RequestMapping|@PostMapping",,"System.Text.RegularExpressions.Match[]"
"True","23","    private final KolbAssessmentService kolbAssessmentService;","KolbAssessmentController.java","C:\TEAC2026\ilp_backend\adaptive-education-service\src\main\java\com\inclusive\adaptiveeducationservice\api\assessment\KolbAssessmentController.java","assessments|kolb|felder|silverman|kuder|@RequestMapping|@PostMapping",,"System.Text.RegularExpressions.Match[]"
"True","25","    @PostMapping","KolbAssessmentController.java","C:\TEAC2026\ilp_backend\adaptive-education-service\src\main\java\com\inclusive\adaptiveeducationservice\api\assessment\KolbAssessmentController.java","assessments|kolb|felder|silverman|kuder|@RequestMapping|@PostMapping",,"System.Text.RegularExpressions.Match[]"
"True","26","    public ResponseEntity<KolbAssessmentResponse> submit(","KolbAssessmentController.java","C:\TEAC2026\ilp_backend\adaptive-education-service\src\main\java\com\inclusive\adaptiveeducationservice\api\assessment\KolbAssessmentController.java","assessments|kolb|felder|silverman|kuder|@RequestMapping|@PostMapping",,"System.Text.RegularExpressions.Match[]"
"True","27","            @Valid @RequestBody KolbAssessmentRequest request","KolbAssessmentController.java","C:\TEAC2026\ilp_backend\adaptive-education-service\src\main\java\com\inclusive\adaptiveeducationservice\api\assessment\KolbAssessmentController.java","assessments|kolb|felder|silverman|kuder|@RequestMapping|@PostMapping",,"System.Text.RegularExpressions.Match[]"
"True","29","        return ResponseEntity.ok(kolbAssessmentService.submit(request));","KolbAssessmentController.java","C:\TEAC2026\ilp_backend\adaptive-education-service\src\main\java\com\inclusive\adaptiveeducationservice\api\assessment\KolbAssessmentController.java","assessments|kolb|felder|silverman|kuder|@RequestMapping|@PostMapping",,"System.Text.RegularExpressions.Match[]"
"True","33","    public ResponseEntity<List<KolbAssessmentResponse>> findByStudentId(","KolbAssessmentController.java","C:\TEAC2026\ilp_backend\adaptive-education-service\src\main\java\com\inclusive\adaptiveeducationservice\api\assessment\KolbAssessmentController.java","assessments|kolb|felder|silverman|kuder|@RequestMapping|@PostMapping",,"System.Text.RegularExpressions.Match[]"
"True","37","                kolbAssessmentService.findByStudentId(studentId)","KolbAssessmentController.java","C:\TEAC2026\ilp_backend\adaptive-education-service\src\main\java\com\inclusive\adaptiveeducationservice\api\assessment\KolbAssessmentController.java","assessments|kolb|felder|silverman|kuder|@RequestMapping|@PostMapping",,"System.Text.RegularExpressions.Match[]"
"True","3","import com.inclusive.adaptiveeducationservice.assessment.dto.KuderAssessmentRequest;","KuderAssessmentController.java","C:\TEAC2026\ilp_backend\adaptive-education-service\src\main\java\com\inclusive\adaptiveeducationservice\api\assessment\KuderAssessmentController.java","assessments|kolb|felder|silverman|kuder|@RequestMapping|@PostMapping",,"System.Text.RegularExpressions.Match[]"
"True","4","import com.inclusive.adaptiveeducationservice.assessment.dto.KuderAssessmentResponse;","KuderAssessmentController.java","C:\TEAC2026\ilp_backend\adaptive-education-service\src\main\java\com\inclusive\adaptiveeducationservice\api\assessment\KuderAssessmentController.java","assessments|kolb|felder|silverman|kuder|@RequestMapping|@PostMapping",,"System.Text.RegularExpressions.Match[]"
"True","5","import com.inclusive.adaptiveeducationservice.assessment.service.KuderAssessmentService;","KuderAssessmentController.java","C:\TEAC2026\ilp_backend\adaptive-education-service\src\main\java\com\inclusive\adaptiveeducationservice\api\assessment\KuderAssessmentController.java","assessments|kolb|felder|silverman|kuder|@RequestMapping|@PostMapping",,"System.Text.RegularExpressions.Match[]"
"True","20","@RequestMapping(""/api/v1/assessments/kuder"")","KuderAssessmentController.java","C:\TEAC2026\ilp_backend\adaptive-education-service\src\main\java\com\inclusive\adaptiveeducationservice\api\assessment\KuderAssessmentController.java","assessments|kolb|felder|silverman|kuder|@RequestMapping|@PostMapping",,"System.Text.RegularExpressions.Match[]"
"True","21","public class KuderAssessmentController {","KuderAssessmentController.java","C:\TEAC2026\ilp_backend\adaptive-education-service\src\main\java\com\inclusive\adaptiveeducationservice\api\assessment\KuderAssessmentController.java","assessments|kolb|felder|silverman|kuder|@RequestMapping|@PostMapping",,"System.Text.RegularExpressions.Match[]"
"True","23","    private final KuderAssessmentService kuderAssessmentService;","KuderAssessmentController.java","C:\TEAC2026\ilp_backend\adaptive-education-service\src\main\java\com\inclusive\adaptiveeducationservice\api\assessment\KuderAssessmentController.java","assessments|kolb|felder|silverman|kuder|@RequestMapping|@PostMapping",,"System.Text.RegularExpressions.Match[]"
"True","25","    @PostMapping","KuderAssessmentController.java","C:\TEAC2026\ilp_backend\adaptive-education-service\src\main\java\com\inclusive\adaptiveeducationservice\api\assessment\KuderAssessmentController.java","assessments|kolb|felder|silverman|kuder|@RequestMapping|@PostMapping",,"System.Text.RegularExpressions.Match[]"
"True","26","    public ResponseEntity<KuderAssessmentResponse> submit(","KuderAssessmentController.java","C:\TEAC2026\ilp_backend\adaptive-education-service\src\main\java\com\inclusive\adaptiveeducationservice\api\assessment\KuderAssessmentController.java","assessments|kolb|felder|silverman|kuder|@RequestMapping|@PostMapping",,"System.Text.RegularExpressions.Match[]"
"True","27","            @Valid @RequestBody KuderAssessmentRequest request","KuderAssessmentController.java","C:\TEAC2026\ilp_backend\adaptive-education-service\src\main\java\com\inclusive\adaptiveeducationservice\api\assessment\KuderAssessmentController.java","assessments|kolb|felder|silverman|kuder|@RequestMapping|@PostMapping",,"System.Text.RegularExpressions.Match[]"
"True","29","        return ResponseEntity.ok(kuderAssessmentService.submit(request));","KuderAssessmentController.java","C:\TEAC2026\ilp_backend\adaptive-education-service\src\main\java\com\inclusive\adaptiveeducationservice\api\assessment\KuderAssessmentController.java","assessments|kolb|felder|silverman|kuder|@RequestMapping|@PostMapping",,"System.Text.RegularExpressions.Match[]"
"True","33","    public ResponseEntity<List<KuderAssessmentResponse>> findByStudentId(","KuderAssessmentController.java","C:\TEAC2026\ilp_backend\adaptive-education-service\src\main\java\com\inclusive\adaptiveeducationservice\api\assessment\KuderAssessmentController.java","assessments|kolb|felder|silverman|kuder|@RequestMapping|@PostMapping",,"System.Text.RegularExpressions.Match[]"
"True","37","                kuderAssessmentService.findByStudentId(studentId)","KuderAssessmentController.java","C:\TEAC2026\ilp_backend\adaptive-education-service\src\main\java\com\inclusive\adaptiveeducationservice\api\assessment\KuderAssessmentController.java","assessments|kolb|felder|silverman|kuder|@RequestMapping|@PostMapping",,"System.Text.RegularExpressions.Match[]"
"True","16","@RequestMapping(""/api/v1/assessment-definitions"")","AssessmentDefinitionController.java","C:\TEAC2026\ilp_backend\adaptive-education-service\src\main\java\com\inclusive\adaptiveeducationservice\api\assessmentdefinition\AssessmentDefinitionController.java","assessments|kolb|felder|silverman|kuder|@RequestMapping|@PostMapping",,"System.Text.RegularExpressions.Match[]"
"True","17","@RequestMapping(""/api/v1/students/{studentId}"")","AssessmentHistoryController.java","C:\TEAC2026\ilp_backend\adaptive-education-service\src\main\java\com\inclusive\adaptiveeducationservice\api\assessmenthistory\AssessmentHistoryController.java","assessments|kolb|felder|silverman|kuder|@RequestMapping|@PostMapping",,"System.Text.RegularExpressions.Match[]"
"True","20","@RequestMapping(""/api/v1/assessment-responses"")","AssessmentResponseController.java","C:\TEAC2026\ilp_backend\adaptive-education-service\src\main\java\com\inclusive\adaptiveeducationservice\api\assessmentresponse\AssessmentResponseController.java","assessments|kolb|felder|silverman|kuder|@RequestMapping|@PostMapping",,"System.Text.RegularExpressions.Match[]"
"True","25","    @PostMapping","AssessmentResponseController.java","C:\TEAC2026\ilp_backend\adaptive-education-service\src\main\java\com\inclusive\adaptiveeducationservice\api\assessmentresponse\AssessmentResponseController.java","assessments|kolb|felder|silverman|kuder|@RequestMapping|@PostMapping",,"System.Text.RegularExpressions.Match[]"
"True","15","@RequestMapping(""/api/v1/datasets"")","EducationalDatasetController.java","C:\TEAC2026\ilp_backend\adaptive-education-service\src\main\java\com\inclusive\adaptiveeducationservice\api\dataset\EducationalDatasetController.java","assessments|kolb|felder|silverman|kuder|@RequestMapping|@PostMapping",,"System.Text.RegularExpressions.Match[]"
"True","12","@RequestMapping(""/api/v1/education"")","EducationalSupportController.java","C:\TEAC2026\ilp_backend\adaptive-education-service\src\main\java\com\inclusive\adaptiveeducationservice\api\education\EducationalSupportController.java","assessments|kolb|felder|silverman|kuder|@RequestMapping|@PostMapping",,"System.Text.RegularExpressions.Match[]"
"True","17","@RequestMapping(""/api/v1/feature-store"")","FeatureStoreController.java","C:\TEAC2026\ilp_backend\adaptive-education-service\src\main\java\com\inclusive\adaptiveeducationservice\api\featurestore\FeatureStoreController.java","assessments|kolb|felder|silverman|kuder|@RequestMapping|@PostMapping",,"System.Text.RegularExpressions.Match[]"
"True","22","    @PostMapping(""/students/{studentId}/rebuild"")","FeatureStoreController.java","C:\TEAC2026\ilp_backend\adaptive-education-service\src\main\java\com\inclusive\adaptiveeducationservice\api\featurestore\FeatureStoreController.java","assessments|kolb|felder|silverman|kuder|@RequestMapping|@PostMapping",,"System.Text.RegularExpressions.Match[]"
"True","15","@RequestMapping(""/api/v1/instruments"")","InstrumentQuestionController.java","C:\TEAC2026\ilp_backend\adaptive-education-service\src\main\java\com\inclusive\adaptiveeducationservice\api\instrument\InstrumentQuestionController.java","assessments|kolb|felder|silverman|kuder|@RequestMapping|@PostMapping",,"System.Text.RegularExpressions.Match[]"
"True","20","    @GetMapping(""/kolb/questions"")","InstrumentQuestionController.java","C:\TEAC2026\ilp_backend\adaptive-education-service\src\main\java\com\inclusive\adaptiveeducationservice\api\instrument\InstrumentQuestionController.java","assessments|kolb|felder|silverman|kuder|@RequestMapping|@PostMapping",,"System.Text.RegularExpressions.Match[]"
"True","21","    public ResponseEntity<List<InstrumentQuestionResponse>> kolbQuestions() {","InstrumentQuestionController.java","C:\TEAC2026\ilp_backend\adaptive-education-service\src\main\java\com\inclusive\adaptiveeducationservice\api\instrument\InstrumentQuestionController.java","assessments|kolb|felder|silverman|kuder|@RequestMapping|@PostMapping",,"System.Text.RegularExpressions.Match[]"
"True","22","        return ResponseEntity.ok(questionService.findKolbQuestions());","InstrumentQuestionController.java","C:\TEAC2026\ilp_backend\adaptive-education-service\src\main\java\com\inclusive\adaptiveeducationservice\api\instrument\InstrumentQuestionController.java","assessments|kolb|felder|silverman|kuder|@RequestMapping|@PostMapping",,"System.Text.RegularExpressions.Match[]"
"True","25","    @GetMapping(""/felder-silverman/questions"")","InstrumentQuestionController.java","C:\TEAC2026\ilp_backend\adaptive-education-service\src\main\java\com\inclusive\adaptiveeducationservice\api\instrument\InstrumentQuestionController.java","assessments|kolb|felder|silverman|kuder|@RequestMapping|@PostMapping",,"System.Text.RegularExpressions.Match[]"
"True","27","    felderSilvermanQuestions() {","InstrumentQuestionController.java","C:\TEAC2026\ilp_backend\adaptive-education-service\src\main\java\com\inclusive\adaptiveeducationservice\api\instrument\InstrumentQuestionController.java","assessments|kolb|felder|silverman|kuder|@RequestMapping|@PostMapping",,"System.Text.RegularExpressions.Match[]"
"True","29","                questionService.findFelderSilvermanQuestions()","InstrumentQuestionController.java","C:\TEAC2026\ilp_backend\adaptive-education-service\src\main\java\com\inclusive\adaptiveeducationservice\api\instrument\InstrumentQuestionController.java","assessments|kolb|felder|silverman|kuder|@RequestMapping|@PostMapping",,"System.Text.RegularExpressions.Match[]"
"True","33","    @GetMapping(""/kuder/questions"")","InstrumentQuestionController.java","C:\TEAC2026\ilp_backend\adaptive-education-service\src\main\java\com\inclusive\adaptiveeducationservice\api\instrument\InstrumentQuestionController.java","assessments|kolb|felder|silverman|kuder|@RequestMapping|@PostMapping",,"System.Text.RegularExpressions.Match[]"
"True","34","    public ResponseEntity<List<InstrumentQuestionResponse>> kuderQuestions() {","InstrumentQuestionController.java","C:\TEAC2026\ilp_backend\adaptive-education-service\src\main\java\com\inclusive\adaptiveeducationservice\api\instrument\InstrumentQuestionController.java","assessments|kolb|felder|silverman|kuder|@RequestMapping|@PostMapping",,"System.Text.RegularExpressions.Match[]"
"True","35","        return ResponseEntity.ok(questionService.findKuderQuestions());","InstrumentQuestionController.java","C:\TEAC2026\ilp_backend\adaptive-education-service\src\main\java\com\inclusive\adaptiveeducationservice\api\instrument\InstrumentQuestionController.java","assessments|kolb|felder|silverman|kuder|@RequestMapping|@PostMapping",,"System.Text.RegularExpressions.Match[]"
"True","22","@RequestMapping(""/api/v1/interventions"")","EducationalInterventionController.java","C:\TEAC2026\ilp_backend\adaptive-education-service\src\main\java\com\inclusive\adaptiveeducationservice\api\intervention\EducationalInterventionController.java","assessments|kolb|felder|silverman|kuder|@RequestMapping|@PostMapping",,"System.Text.RegularExpressions.Match[]"
"True","27","    @PostMapping","EducationalInterventionController.java","C:\TEAC2026\ilp_backend\adaptive-education-service\src\main\java\com\inclusive\adaptiveeducationservice\api\intervention\EducationalInterventionController.java","assessments|kolb|felder|silverman|kuder|@RequestMapping|@PostMapping",,"System.Text.RegularExpressions.Match[]"
"True","16","@RequestMapping(""/api/v1/ml/experiments"")","MlExperimentController.java","C:\TEAC2026\ilp_backend\adaptive-education-service\src\main\java\com\inclusive\adaptiveeducationservice\api\mlmodels\MlExperimentController.java","assessments|kolb|felder|silverman|kuder|@RequestMapping|@PostMapping",,"System.Text.RegularExpressions.Match[]"
"True","4","import com.inclusive.adaptiveeducationservice.mlmodels.service.RandomForestKolbService;","RandomForestKolbController.java","C:\TEAC2026\ilp_backend\adaptive-education-service\src\main\java\com\inclusive\adaptiveeducationservice\api\mlmodels\RandomForestKolbController.java","assessments|kolb|felder|silverman|kuder|@RequestMapping|@PostMapping",,"System.Text.RegularExpressions.Match[]"
"True","13","@RequestMapping(""/api/v1/ml/kolb/random-forest"")","RandomForestKolbController.java","C:\TEAC2026\ilp_backend\adaptive-education-service\src\main\java\com\inclusive\adaptiveeducationservice\api\mlmodels\RandomForestKolbController.java","assessments|kolb|felder|silverman|kuder|@RequestMapping|@PostMapping",,"System.Text.RegularExpressions.Match[]"
"True","14","public class RandomForestKolbController {","RandomForestKolbController.java","C:\TEAC2026\ilp_backend\adaptive-education-service\src\main\java\com\inclusive\adaptiveeducationservice\api\mlmodels\RandomForestKolbController.java","assessments|kolb|felder|silverman|kuder|@RequestMapping|@PostMapping",,"System.Text.RegularExpressions.Match[]"
"True","16","    private final RandomForestKolbService randomForestKolbService;","RandomForestKolbController.java","C:\TEAC2026\ilp_backend\adaptive-education-service\src\main\java\com\inclusive\adaptiveeducationservice\api\mlmodels\RandomForestKolbController.java","assessments|kolb|felder|silverman|kuder|@RequestMapping|@PostMapping",,"System.Text.RegularExpressions.Match[]"
"True","18","    @PostMapping(""/evaluate"")","RandomForestKolbController.java","C:\TEAC2026\ilp_backend\adaptive-education-service\src\main\java\com\inclusive\adaptiveeducationservice\api\mlmodels\RandomForestKolbController.java","assessments|kolb|felder|silverman|kuder|@RequestMapping|@PostMapping",,"System.Text.RegularExpressions.Match[]"
"True","20","        return ResponseEntity.ok(randomForestKolbService.evaluate());","RandomForestKolbController.java","C:\TEAC2026\ilp_backend\adaptive-education-service\src\main\java\com\inclusive\adaptiveeducationservice\api\mlmodels\RandomForestKolbController.java","assessments|kolb|felder|silverman|kuder|@RequestMapping|@PostMapping",,"System.Text.RegularExpressions.Match[]"
"True","3","import com.inclusive.adaptiveeducationservice.mlpipeline.dto.KolbBaselineEvaluationResponse;","KolbMlPipelineController.java","C:\TEAC2026\ilp_backend\adaptive-education-service\src\main\java\com\inclusive\adaptiveeducationservice\api\mlpipeline\KolbMlPipelineController.java","assessments|kolb|felder|silverman|kuder|@RequestMapping|@PostMapping",,"System.Text.RegularExpressions.Match[]"
"True","4","import com.inclusive.adaptiveeducationservice.mlpipeline.service.KolbBaselineMlService;","KolbMlPipelineController.java","C:\TEAC2026\ilp_backend\adaptive-education-service\src\main\java\com\inclusive\adaptiveeducationservice\api\mlpipeline\KolbMlPipelineController.java","assessments|kolb|felder|silverman|kuder|@RequestMapping|@PostMapping",,"System.Text.RegularExpressions.Match[]"
"True","13","@RequestMapping(""/api/v1/ml/kolb"")","KolbMlPipelineController.java","C:\TEAC2026\ilp_backend\adaptive-education-service\src\main\java\com\inclusive\adaptiveeducationservice\api\mlpipeline\KolbMlPipelineController.java","assessments|kolb|felder|silverman|kuder|@RequestMapping|@PostMapping",,"System.Text.RegularExpressions.Match[]"
"True","14","public class KolbMlPipelineController {","KolbMlPipelineController.java","C:\TEAC2026\ilp_backend\adaptive-education-service\src\main\java\com\inclusive\adaptiveeducationservice\api\mlpipeline\KolbMlPipelineController.java","assessments|kolb|felder|silverman|kuder|@RequestMapping|@PostMapping",,"System.Text.RegularExpressions.Match[]"
"True","16","    private final KolbBaselineMlService kolbBaselineMlService;","KolbMlPipelineController.java","C:\TEAC2026\ilp_backend\adaptive-education-service\src\main\java\com\inclusive\adaptiveeducationservice\api\mlpipeline\KolbMlPipelineController.java","assessments|kolb|felder|silverman|kuder|@RequestMapping|@PostMapping",,"System.Text.RegularExpressions.Match[]"
"True","18","    @PostMapping(""/baseline/evaluate"")","KolbMlPipelineController.java","C:\TEAC2026\ilp_backend\adaptive-education-service\src\main\java\com\inclusive\adaptiveeducationservice\api\mlpipeline\KolbMlPipelineController.java","assessments|kolb|felder|silverman|kuder|@RequestMapping|@PostMapping",,"System.Text.RegularExpressions.Match[]"
"True","19","    public ResponseEntity<KolbBaselineEvaluationResponse>","KolbMlPipelineController.java","C:\TEAC2026\ilp_backend\adaptive-education-service\src\main\java\com\inclusive\adaptiveeducationservice\api\mlpipeline\KolbMlPipelineController.java","assessments|kolb|felder|silverman|kuder|@RequestMapping|@PostMapping",,"System.Text.RegularExpressions.Match[]"
"True","23","                kolbBaselineMlService.evaluateBaseline()","KolbMlPipelineController.java","C:\TEAC2026\ilp_backend\adaptive-education-service\src\main\java\com\inclusive\adaptiveeducationservice\api\mlpipeline\KolbMlPipelineController.java","assessments|kolb|felder|silverman|kuder|@RequestMapping|@PostMapping",,"System.Text.RegularExpressions.Match[]"
"True","14","@RequestMapping(""/api/v1/recommendations"")","EducationalRecommendationController.java","C:\TEAC2026\ilp_backend\adaptive-education-service\src\main\java\com\inclusive\adaptiveeducationservice\api\recommendation\EducationalRecommendationController.java","assessments|kolb|felder|silverman|kuder|@RequestMapping|@PostMapping",,"System.Text.RegularExpressions.Match[]"
"True","12","@RequestMapping(""/analytics/accountability"")","AccountabilityResponsibilityController.java","C:\TEAC2026\ilp_backend\adaptive-education-service\src\main\java\com\inclusive\adaptiveeducationservice\api\research\AccountabilityResponsibilityController.java","assessments|kolb|felder|silverman|kuder|@RequestMapping|@PostMapping",,"System.Text.RegularExpressions.Match[]"
"True","12","@RequestMapping(""/analytics/openapi"")","ApiLifecycleGovernanceController.java","C:\TEAC2026\ilp_backend\adaptive-education-service\src\main\java\com\inclusive\adaptiveeducationservice\api\research\ApiLifecycleGovernanceController.java","assessments|kolb|felder|silverman|kuder|@RequestMapping|@PostMapping",,"System.Text.RegularExpressions.Match[]"
"True","12","@RequestMapping(""/analytics/openapi"")","ApiSecurityGovernanceController.java","C:\TEAC2026\ilp_backend\adaptive-education-service\src\main\java\com\inclusive\adaptiveeducationservice\api\research\ApiSecurityGovernanceController.java","assessments|kolb|felder|silverman|kuder|@RequestMapping|@PostMapping",,"System.Text.RegularExpressions.Match[]"
"True","12","@RequestMapping(""/analytics/quality"")","ApiVersioningReadinessController.java","C:\TEAC2026\ilp_backend\adaptive-education-service\src\main\java\com\inclusive\adaptiveeducationservice\api\research\ApiVersioningReadinessController.java","assessments|kolb|felder|silverman|kuder|@RequestMapping|@PostMapping",,"System.Text.RegularExpressions.Match[]"
"True","12","@RequestMapping(""/analytics/architecture"")","ArchitectureDecisionRecordsController.java","C:\TEAC2026\ilp_backend\adaptive-education-service\src\main\java\com\inclusive\adaptiveeducationservice\api\research\ArchitectureDecisionRecordsController.java","assessments|kolb|felder|silverman|kuder|@RequestMapping|@PostMapping",,"System.Text.RegularExpressions.Match[]"
"True","12","@RequestMapping(""/analytics/architecture"")","ArchitectureDocumentationController.java","C:\TEAC2026\ilp_backend\adaptive-education-service\src\main\java\com\inclusive\adaptiveeducationservice\api\research\ArchitectureDocumentationController.java","assessments|kolb|felder|silverman|kuder|@RequestMapping|@PostMapping",,"System.Text.RegularExpressions.Match[]"
"True","12","@RequestMapping(""/analytics/architecture"")","ArchitectureEvaluationMatrixController.java","C:\TEAC2026\ilp_backend\adaptive-education-service\src\main\java\com\inclusive\adaptiveeducationservice\api\research\ArchitectureEvaluationMatrixController.java","assessments|kolb|felder|silverman|kuder|@RequestMapping|@PostMapping",,"System.Text.RegularExpressions.Match[]"
"True","12","@RequestMapping(""/analytics/architecture"")","ArchitectureRemediationRoadmapController.java","C:\TEAC2026\ilp_backend\adaptive-education-service\src\main\java\com\inclusive\adaptiveeducationservice\api\research\ArchitectureRemediationRoadmapController.java","assessments|kolb|felder|silverman|kuder|@RequestMapping|@PostMapping",,"System.Text.RegularExpressions.Match[]"
"True","12","@RequestMapping(""/analytics/quality"")","BackendQualityComplianceController.java","C:\TEAC2026\ilp_backend\adaptive-education-service\src\main\java\com\inclusive\adaptiveeducationservice\api\research\BackendQualityComplianceController.java","assessments|kolb|felder|silverman|kuder|@RequestMapping|@PostMapping",,"System.Text.RegularExpressions.Match[]"
"True","12","@RequestMapping(""/analytics/fairness"")","BiasFairnessResearchController.java","C:\TEAC2026\ilp_backend\adaptive-education-service\src\main\java\com\inclusive\adaptiveeducationservice\api\research\BiasFairnessResearchController.java","assessments|kolb|felder|silverman|kuder|@RequestMapping|@PostMapping",,"System.Text.RegularExpressions.Match[]"
"True","12","@RequestMapping(""/analytics/architecture"")","BoundedContextModularDesignController.java","C:\TEAC2026\ilp_backend\adaptive-education-service\src\main\java\com\inclusive\adaptiveeducationservice\api\research\BoundedContextModularDesignController.java","assessments|kolb|felder|silverman|kuder|@RequestMapping|@PostMapping",,"System.Text.RegularExpressions.Match[]"
"True","12","@RequestMapping(""/analytics/quality"")","CiCdPipelineReadinessController.java","C:\TEAC2026\ilp_backend\adaptive-education-service\src\main\java\com\inclusive\adaptiveeducationservice\api\research\CiCdPipelineReadinessController.java","assessments|kolb|felder|silverman|kuder|@RequestMapping|@PostMapping",,"System.Text.RegularExpressions.Match[]"
"True","12","@RequestMapping(""/analytics/security"")","DependencyVulnerabilityScanController.java","C:\TEAC2026\ilp_backend\adaptive-education-service\src\main\java\com\inclusive\adaptiveeducationservice\api\research\DependencyVulnerabilityScanController.java","assessments|kolb|felder|silverman|kuder|@RequestMapping|@PostMapping",,"System.Text.RegularExpressions.Match[]"
"True","12","@RequestMapping(""/analytics/deployment"")","DeploymentHealthCheckController.java","C:\TEAC2026\ilp_backend\adaptive-education-service\src\main\java\com\inclusive\adaptiveeducationservice\api\research\DeploymentHealthCheckController.java","assessments|kolb|felder|silverman|kuder|@RequestMapping|@PostMapping",,"System.Text.RegularExpressions.Match[]"
"True","12","@RequestMapping(""/analytics/quality"")","DeploymentReadinessController.java","C:\TEAC2026\ilp_backend\adaptive-education-service\src\main\java\com\inclusive\adaptiveeducationservice\api\research\DeploymentReadinessController.java","assessments|kolb|felder|silverman|kuder|@RequestMapping|@PostMapping",,"System.Text.RegularExpressions.Match[]"
"True","12","@RequestMapping(""/analytics/quality"")","DevSecOpsQualityController.java","C:\TEAC2026\ilp_backend\adaptive-education-service\src\main\java\com\inclusive\adaptiveeducationservice\api\research\DevSecOpsQualityController.java","assessments|kolb|felder|silverman|kuder|@RequestMapping|@PostMapping",,"System.Text.RegularExpressions.Match[]"
"True","12","@RequestMapping(""/analytics/deployment"")","DockerComposeDeploymentController.java","C:\TEAC2026\ilp_backend\adaptive-education-service\src\main\java\com\inclusive\adaptiveeducationservice\api\research\DockerComposeDeploymentController.java","assessments|kolb|felder|silverman|kuder|@RequestMapping|@PostMapping",,"System.Text.RegularExpressions.Match[]"
"True","12","@RequestMapping(""/analytics/deployment"")","DockerfileHardeningController.java","C:\TEAC2026\ilp_backend\adaptive-education-service\src\main\java\com\inclusive\adaptiveeducationservice\api\research\DockerfileHardeningController.java","assessments|kolb|felder|silverman|kuder|@RequestMapping|@PostMapping",,"System.Text.RegularExpressions.Match[]"
"True","12","@RequestMapping(""/analytics/doctoral"")","DoctoralContributionController.java","C:\TEAC2026\ilp_backend\adaptive-education-service\src\main\java\com\inclusive\adaptiveeducationservice\api\research\DoctoralContributionController.java","assessments|kolb|felder|silverman|kuder|@RequestMapping|@PostMapping",,"System.Text.RegularExpressions.Match[]"
"True","12","@RequestMapping(""/analytics/evidence"")","DoctoralEvidenceTraceabilityController.java","C:\TEAC2026\ilp_backend\adaptive-education-service\src\main\java\com\inclusive\adaptiveeducationservice\api\research\DoctoralEvidenceTraceabilityController.java","assessments|kolb|felder|silverman|kuder|@RequestMapping|@PostMapping",,"System.Text.RegularExpressions.Match[]"
"True","12","@RequestMapping(""/analytics/doctoral"")","DoctoralReviewPackageController.java","C:\TEAC2026\ilp_backend\adaptive-education-service\src\main\java\com\inclusive\adaptiveeducationservice\api\research\DoctoralReviewPackageController.java","assessments|kolb|felder|silverman|kuder|@RequestMapping|@PostMapping",,"System.Text.RegularExpressions.Match[]"
"True","12","@RequestMapping(""/analytics/doctoral"")","DoctoralThesisReadinessController.java","C:\TEAC2026\ilp_backend\adaptive-education-service\src\main\java\com\inclusive\adaptiveeducationservice\api\research\DoctoralThesisReadinessController.java","assessments|kolb|felder|silverman|kuder|@RequestMapping|@PostMapping",,"System.Text.RegularExpressions.Match[]"
"True","12","@RequestMapping(""/analytics/adoption"")","EducationalAdoptionReadinessController.java","C:\TEAC2026\ilp_backend\adaptive-education-service\src\main\java\com\inclusive\adaptiveeducationservice\api\research\EducationalAdoptionReadinessController.java","assessments|kolb|felder|silverman|kuder|@RequestMapping|@PostMapping",,"System.Text.RegularExpressions.Match[]"
"True","12","@RequestMapping(""/analytics/compliance"")","EducationalComplianceController.java","C:\TEAC2026\ilp_backend\adaptive-education-service\src\main\java\com\inclusive\adaptiveeducationservice\api\research\EducationalComplianceController.java","assessments|kolb|felder|silverman|kuder|@RequestMapping|@PostMapping",,"System.Text.RegularExpressions.Match[]"
"True","12","@RequestMapping(""/analytics/data-protection"")","EducationalDataProtectionController.java","C:\TEAC2026\ilp_backend\adaptive-education-service\src\main\java\com\inclusive\adaptiveeducationservice\api\research\EducationalDataProtectionController.java","assessments|kolb|felder|silverman|kuder|@RequestMapping|@PostMapping",,"System.Text.RegularExpressions.Match[]"
"True","12","@RequestMapping(""/analytics/evaluation"")","EducationalEvaluationMetricsController.java","C:\TEAC2026\ilp_backend\adaptive-education-service\src\main\java\com\inclusive\adaptiveeducationservice\api\research\EducationalEvaluationMetricsController.java","assessments|kolb|felder|silverman|kuder|@RequestMapping|@PostMapping",,"System.Text.RegularExpressions.Match[]"
"True","12","@RequestMapping(""/analytics/impact"")","EducationalImpactController.java","C:\TEAC2026\ilp_backend\adaptive-education-service\src\main\java\com\inclusive\adaptiveeducationservice\api\research\EducationalImpactController.java","assessments|kolb|felder|silverman|kuder|@RequestMapping|@PostMapping",,"System.Text.RegularExpressions.Match[]"
"True","12","@RequestMapping(""/analytics/resilience"")","EducationalResilienceController.java","C:\TEAC2026\ilp_backend\adaptive-education-service\src\main\java\com\inclusive\adaptiveeducationservice\api\research\EducationalResilienceController.java","assessments|kolb|felder|silverman|kuder|@RequestMapping|@PostMapping",,"System.Text.RegularExpressions.Match[]"
"True","12","@RequestMapping(""/analytics/risk-management"")","EducationalRiskManagementController.java","C:\TEAC2026\ilp_backend\adaptive-education-service\src\main\java\com\inclusive\adaptiveeducationservice\api\research\EducationalRiskManagementController.java","assessments|kolb|felder|silverman|kuder|@RequestMapping|@PostMapping",,"System.Text.RegularExpressions.Match[]"
"True","12","@RequestMapping(""/analytics/sustainability"")","EducationalSustainabilityController.java","C:\TEAC2026\ilp_backend\adaptive-education-service\src\main\java\com\inclusive\adaptiveeducationservice\api\research\EducationalSustainabilityController.java","assessments|kolb|felder|silverman|kuder|@RequestMapping|@PostMapping",,"System.Text.RegularExpressions.Match[]"
"True","12","@RequestMapping(""/analytics/transparency"")","EducationalTransparencyController.java","C:\TEAC2026\ilp_backend\adaptive-education-service\src\main\java\com\inclusive\adaptiveeducationservice\api\research\EducationalTransparencyController.java","assessments|kolb|felder|silverman|kuder|@RequestMapping|@PostMapping",,"System.Text.RegularExpressions.Match[]"
"True","12","@RequestMapping(""/analytics/architecture"")","EnterpriseArchitectureGovernanceController.java","C:\TEAC2026\ilp_backend\adaptive-education-service\src\main\java\com\inclusive\adaptiveeducationservice\api\research\EnterpriseArchitectureGovernanceController.java","assessments|kolb|felder|silverman|kuder|@RequestMapping|@PostMapping",,"System.Text.RegularExpressions.Match[]"
"True","12","@RequestMapping(""/analytics/research"")","EthicsReadinessController.java","C:\TEAC2026\ilp_backend\adaptive-education-service\src\main\java\com\inclusive\adaptiveeducationservice\api\research\EthicsReadinessController.java","assessments|kolb|felder|silverman|kuder|@RequestMapping|@PostMapping",,"System.Text.RegularExpressions.Match[]"
"True","12","@RequestMapping(""/analytics/research"")","ExperimentalResearchController.java","C:\TEAC2026\ilp_backend\adaptive-education-service\src\main\java\com\inclusive\adaptiveeducationservice\api\research\ExperimentalResearchController.java","assessments|kolb|felder|silverman|kuder|@RequestMapping|@PostMapping",,"System.Text.RegularExpressions.Match[]"
"True","12","@RequestMapping(""/analytics/research"")","ExpertValidationController.java","C:\TEAC2026\ilp_backend\adaptive-education-service\src\main\java\com\inclusive\adaptiveeducationservice\api\research\ExpertValidationController.java","assessments|kolb|felder|silverman|kuder|@RequestMapping|@PostMapping",,"System.Text.RegularExpressions.Match[]"
"True","12","@RequestMapping(""/analytics/xai"")","ExplainabilityResearchController.java","C:\TEAC2026\ilp_backend\adaptive-education-service\src\main\java\com\inclusive\adaptiveeducationservice\api\research\ExplainabilityResearchController.java","assessments|kolb|felder|silverman|kuder|@RequestMapping|@PostMapping",,"System.Text.RegularExpressions.Match[]"
"True","12","@RequestMapping(""/analytics/governance"")","GovernanceResearchController.java","C:\TEAC2026\ilp_backend\adaptive-education-service\src\main\java\com\inclusive\adaptiveeducationservice\api\research\GovernanceResearchController.java","assessments|kolb|felder|silverman|kuder|@RequestMapping|@PostMapping",,"System.Text.RegularExpressions.Match[]"
"True","12","@RequestMapping(""/analytics/human-centered"")","HumanCenteredAssistanceController.java","C:\TEAC2026\ilp_backend\adaptive-education-service\src\main\java\com\inclusive\adaptiveeducationservice\api\research\HumanCenteredAssistanceController.java","assessments|kolb|felder|silverman|kuder|@RequestMapping|@PostMapping",,"System.Text.RegularExpressions.Match[]"
"True","12","@RequestMapping(""/analytics/deployment"")","KubernetesReadinessController.java","C:\TEAC2026\ilp_backend\adaptive-education-service\src\main\java\com\inclusive\adaptiveeducationservice\api\research\KubernetesReadinessController.java","assessments|kolb|felder|silverman|kuder|@RequestMapping|@PostMapping",,"System.Text.RegularExpressions.Match[]"
"True","12","@RequestMapping(""/analytics/openapi"")","OpenApiArtifactExportController.java","C:\TEAC2026\ilp_backend\adaptive-education-service\src\main\java\com\inclusive\adaptiveeducationservice\api\research\OpenApiArtifactExportController.java","assessments|kolb|felder|silverman|kuder|@RequestMapping|@PostMapping",,"System.Text.RegularExpressions.Match[]"
"True","12","@RequestMapping(""/analytics/quality"")","OpenApiContractComplianceController.java","C:\TEAC2026\ilp_backend\adaptive-education-service\src\main\java\com\inclusive\adaptiveeducationservice\api\research\OpenApiContractComplianceController.java","assessments|kolb|felder|silverman|kuder|@RequestMapping|@PostMapping",,"System.Text.RegularExpressions.Match[]"
"True","12","@RequestMapping(""/analytics/openapi"")","OpenApiGovernanceController.java","C:\TEAC2026\ilp_backend\adaptive-education-service\src\main\java\com\inclusive\adaptiveeducationservice\api\research\OpenApiGovernanceController.java","assessments|kolb|felder|silverman|kuder|@RequestMapping|@PostMapping",,"System.Text.RegularExpressions.Match[]"
"True","12","@RequestMapping(""/analytics/openapi"")","OpenApiVersioningController.java","C:\TEAC2026\ilp_backend\adaptive-education-service\src\main\java\com\inclusive\adaptiveeducationservice\api\research\OpenApiVersioningController.java","assessments|kolb|felder|silverman|kuder|@RequestMapping|@PostMapping",,"System.Text.RegularExpressions.Match[]"
"True","12","@RequestMapping(""/analytics/observability"")","OperationalObservabilityController.java","C:\TEAC2026\ilp_backend\adaptive-education-service\src\main\java\com\inclusive\adaptiveeducationservice\api\research\OperationalObservabilityController.java","assessments|kolb|felder|silverman|kuder|@RequestMapping|@PostMapping",,"System.Text.RegularExpressions.Match[]"
"True","12","@RequestMapping(""/analytics/pilot"")","PilotValidationReadinessController.java","C:\TEAC2026\ilp_backend\adaptive-education-service\src\main\java\com\inclusive\adaptiveeducationservice\api\research\PilotValidationReadinessController.java","assessments|kolb|felder|silverman|kuder|@RequestMapping|@PostMapping",,"System.Text.RegularExpressions.Match[]"
"True","12","@RequestMapping(""/analytics/security"")","RepositoryHygieneController.java","C:\TEAC2026\ilp_backend\adaptive-education-service\src\main\java\com\inclusive\adaptiveeducationservice\api\research\RepositoryHygieneController.java","assessments|kolb|felder|silverman|kuder|@RequestMapping|@PostMapping",,"System.Text.RegularExpressions.Match[]"
"True","12","@RequestMapping(""/analytics/research"")","ResearchInstrumentsValidationController.java","C:\TEAC2026\ilp_backend\adaptive-education-service\src\main\java\com\inclusive\adaptiveeducationservice\api\research\ResearchInstrumentsValidationController.java","assessments|kolb|felder|silverman|kuder|@RequestMapping|@PostMapping",,"System.Text.RegularExpressions.Match[]"
"True","12","@RequestMapping(""/analytics/security"")","SecretsGovernanceController.java","C:\TEAC2026\ilp_backend\adaptive-education-service\src\main\java\com\inclusive\adaptiveeducationservice\api\research\SecretsGovernanceController.java","assessments|kolb|felder|silverman|kuder|@RequestMapping|@PostMapping",,"System.Text.RegularExpressions.Match[]"
"True","12","@RequestMapping(""/analytics/security"")","SecureRuntimeConfigurationController.java","C:\TEAC2026\ilp_backend\adaptive-education-service\src\main\java\com\inclusive\adaptiveeducationservice\api\research\SecureRuntimeConfigurationController.java","assessments|kolb|felder|silverman|kuder|@RequestMapping|@PostMapping",,"System.Text.RegularExpressions.Match[]"
"True","12","@RequestMapping(""/analytics/trustworthiness"")","TrustworthinessResearchController.java","C:\TEAC2026\ilp_backend\adaptive-education-service\src\main\java\com\inclusive\adaptiveeducationservice\api\research\TrustworthinessResearchController.java","assessments|kolb|felder|silverman|kuder|@RequestMapping|@PostMapping",,"System.Text.RegularExpressions.Match[]"
"True","12","@RequestMapping(""/analytics/validation"")","ValidationReportPreviewController.java","C:\TEAC2026\ilp_backend\adaptive-education-service\src\main\java\com\inclusive\adaptiveeducationservice\api\research\ValidationReportPreviewController.java","assessments|kolb|felder|silverman|kuder|@RequestMapping|@PostMapping",,"System.Text.RegularExpressions.Match[]"
"True","12","@RequestMapping(""/analytics/research"")","ValidationResearchController.java","C:\TEAC2026\ilp_backend\adaptive-education-service\src\main\java\com\inclusive\adaptiveeducationservice\api\research\ValidationResearchController.java","assessments|kolb|felder|silverman|kuder|@RequestMapping|@PostMapping",,"System.Text.RegularExpressions.Match[]"
"True","3","import com.inclusive.adaptiveeducationservice.researchanalytics.dto.KolbDistributionResponse;","ResearchAnalyticsController.java","C:\TEAC2026\ilp_backend\adaptive-education-service\src\main\java\com\inclusive\adaptiveeducationservice\api\researchanalytics\ResearchAnalyticsController.java","assessments|kolb|felder|silverman|kuder|@RequestMapping|@PostMapping",,"System.Text.RegularExpressions.Match[]"
"True","4","import com.inclusive.adaptiveeducationservice.researchanalytics.dto.KolbStatisticsResponse;","ResearchAnalyticsController.java","C:\TEAC2026\ilp_backend\adaptive-education-service\src\main\java\com\inclusive\adaptiveeducationservice\api\researchanalytics\ResearchAnalyticsController.java","assessments|kolb|felder|silverman|kuder|@RequestMapping|@PostMapping",,"System.Text.RegularExpressions.Match[]"
"True","15","@RequestMapping(""/api/v1/analytics/research"")","ResearchAnalyticsController.java","C:\TEAC2026\ilp_backend\adaptive-education-service\src\main\java\com\inclusive\adaptiveeducationservice\api\researchanalytics\ResearchAnalyticsController.java","assessments|kolb|felder|silverman|kuder|@RequestMapping|@PostMapping",,"System.Text.RegularExpressions.Match[]"
"True","20","    @GetMapping(""/kolb/distribution"")","ResearchAnalyticsController.java","C:\TEAC2026\ilp_backend\adaptive-education-service\src\main\java\com\inclusive\adaptiveeducationservice\api\researchanalytics\ResearchAnalyticsController.java","assessments|kolb|felder|silverman|kuder|@RequestMapping|@PostMapping",,"System.Text.RegularExpressions.Match[]"
"True","21","    public ResponseEntity<KolbDistributionResponse> kolbDistribution() {","ResearchAnalyticsController.java","C:\TEAC2026\ilp_backend\adaptive-education-service\src\main\java\com\inclusive\adaptiveeducationservice\api\researchanalytics\ResearchAnalyticsController.java","assessments|kolb|felder|silverman|kuder|@RequestMapping|@PostMapping",,"System.Text.RegularExpressions.Match[]"
"True","23","                researchAnalyticsService.kolbDistribution()","ResearchAnalyticsController.java","C:\TEAC2026\ilp_backend\adaptive-education-service\src\main\java\com\inclusive\adaptiveeducationservice\api\researchanalytics\ResearchAnalyticsController.java","assessments|kolb|felder|silverman|kuder|@RequestMapping|@PostMapping",,"System.Text.RegularExpressions.Match[]"
"True","27","    @GetMapping(""/kolb/statistics"")","ResearchAnalyticsController.java","C:\TEAC2026\ilp_backend\adaptive-education-service\src\main\java\com\inclusive\adaptiveeducationservice\api\researchanalytics\ResearchAnalyticsController.java","assessments|kolb|felder|silverman|kuder|@RequestMapping|@PostMapping",,"System.Text.RegularExpressions.Match[]"
"True","28","    public ResponseEntity<KolbStatisticsResponse> kolbStatistics() {","ResearchAnalyticsController.java","C:\TEAC2026\ilp_backend\adaptive-education-service\src\main\java\com\inclusive\adaptiveeducationservice\api\researchanalytics\ResearchAnalyticsController.java","assessments|kolb|felder|silverman|kuder|@RequestMapping|@PostMapping",,"System.Text.RegularExpressions.Match[]"
"True","30","                researchAnalyticsService.kolbStatistics()","ResearchAnalyticsController.java","C:\TEAC2026\ilp_backend\adaptive-education-service\src\main\java\com\inclusive\adaptiveeducationservice\api\researchanalytics\ResearchAnalyticsController.java","assessments|kolb|felder|silverman|kuder|@RequestMapping|@PostMapping",,"System.Text.RegularExpressions.Match[]"
"True","21","@RequestMapping(""/api/v1/students"")","StudentProfileController.java","C:\TEAC2026\ilp_backend\adaptive-education-service\src\main\java\com\inclusive\adaptiveeducationservice\api\student\StudentProfileController.java","assessments|kolb|felder|silverman|kuder|@RequestMapping|@PostMapping",,"System.Text.RegularExpressions.Match[]"
"True","41","    @PostMapping","StudentProfileController.java","C:\TEAC2026\ilp_backend\adaptive-education-service\src\main\java\com\inclusive\adaptiveeducationservice\api\student\StudentProfileController.java","assessments|kolb|felder|silverman|kuder|@RequestMapping|@PostMapping",,"System.Text.RegularExpressions.Match[]"
"True","13","@RequestMapping(""/api/v1/characterizations"")","StudentCharacterizationController.java","C:\TEAC2026\ilp_backend\adaptive-education-service\src\main\java\com\inclusive\adaptiveeducationservice\api\v1\StudentCharacterizationController.java","assessments|kolb|felder|silverman|kuder|@RequestMapping|@PostMapping",,"System.Text.RegularExpressions.Match[]"
"True","13","@RequestMapping(""/api/v1/adaptation"")","AdaptationQueryController.java","C:\TEAC2026\ilp_backend\adaptive-education-service\src\main\java\com\inclusive\adaptiveeducationservice\api\AdaptationQueryController.java","assessments|kolb|felder|silverman|kuder|@RequestMapping|@PostMapping",,"System.Text.RegularExpressions.Match[]"
"True","13","@RequestMapping(""/api/v1/adaptation-rules"")","AdaptationRuleController.java","C:\TEAC2026\ilp_backend\adaptive-education-service\src\main\java\com\inclusive\adaptiveeducationservice\api\AdaptationRuleController.java","assessments|kolb|felder|silverman|kuder|@RequestMapping|@PostMapping",,"System.Text.RegularExpressions.Match[]"
"True","27","    @PostMapping","AdaptationRuleController.java","C:\TEAC2026\ilp_backend\adaptive-education-service\src\main\java\com\inclusive\adaptiveeducationservice\api\AdaptationRuleController.java","assessments|kolb|felder|silverman|kuder|@RequestMapping|@PostMapping",,"System.Text.RegularExpressions.Match[]"
"True","12","@RequestMapping(""/api/v1/recommendations"")","RecommendationController.java","C:\TEAC2026\ilp_backend\adaptive-education-service\src\main\java\com\inclusive\adaptiveeducationservice\api\RecommendationController.java","assessments|kolb|felder|silverman|kuder|@RequestMapping|@PostMapping",,"System.Text.RegularExpressions.Match[]"
"True","17","@RequestMapping(""/auth"")","AuthController.java","C:\TEAC2026\ilp_backend\auth-service\src\main\java\com\inclusive\authservice\auth\controller\AuthController.java","assessments|kolb|felder|silverman|kuder|@RequestMapping|@PostMapping",,"System.Text.RegularExpressions.Match[]"
"True","23","    @PostMapping(""/login"")","AuthController.java","C:\TEAC2026\ilp_backend\auth-service\src\main\java\com\inclusive\authservice\auth\controller\AuthController.java","assessments|kolb|felder|silverman|kuder|@RequestMapping|@PostMapping",,"System.Text.RegularExpressions.Match[]"
"True","25","    @PostMapping(""/auth/mfa/setup"")","MfaController.java","C:\TEAC2026\ilp_backend\auth-service\src\main\java\com\inclusive\authservice\auth\controller\MfaController.java","assessments|kolb|felder|silverman|kuder|@RequestMapping|@PostMapping",,"System.Text.RegularExpressions.Match[]"
"True","49","    @PostMapping(""/auth/mfa/verify"")","MfaController.java","C:\TEAC2026\ilp_backend\auth-service\src\main\java\com\inclusive\authservice\auth\controller\MfaController.java","assessments|kolb|felder|silverman|kuder|@RequestMapping|@PostMapping",,"System.Text.RegularExpressions.Match[]"
"True","19","@RequestMapping(""/api/permissions"")","PermissionController.java","C:\TEAC2026\ilp_backend\auth-service\src\main\java\com\inclusive\authservice\controller\authorization\PermissionController.java","assessments|kolb|felder|silverman|kuder|@RequestMapping|@PostMapping",,"System.Text.RegularExpressions.Match[]"
"True","25","    @PostMapping","PermissionController.java","C:\TEAC2026\ilp_backend\auth-service\src\main\java\com\inclusive\authservice\controller\authorization\PermissionController.java","assessments|kolb|felder|silverman|kuder|@RequestMapping|@PostMapping",,"System.Text.RegularExpressions.Match[]"
"True","20","@RequestMapping(""/api/roles"")","RoleController.java","C:\TEAC2026\ilp_backend\auth-service\src\main\java\com\inclusive\authservice\controller\authorization\RoleController.java","assessments|kolb|felder|silverman|kuder|@RequestMapping|@PostMapping",,"System.Text.RegularExpressions.Match[]"
"True","27","    @PostMapping","RoleController.java","C:\TEAC2026\ilp_backend\auth-service\src\main\java\com\inclusive\authservice\controller\authorization\RoleController.java","assessments|kolb|felder|silverman|kuder|@RequestMapping|@PostMapping",,"System.Text.RegularExpressions.Match[]"
"True","18","@RequestMapping(""/api/role-permissions"")","RolePermissionController.java","C:\TEAC2026\ilp_backend\auth-service\src\main\java\com\inclusive\authservice\controller\authorization\RolePermissionController.java","assessments|kolb|felder|silverman|kuder|@RequestMapping|@PostMapping",,"System.Text.RegularExpressions.Match[]"
"True","26","    @PostMapping","RolePermissionController.java","C:\TEAC2026\ilp_backend\auth-service\src\main\java\com\inclusive\authservice\controller\authorization\RolePermissionController.java","assessments|kolb|felder|silverman|kuder|@RequestMapping|@PostMapping",,"System.Text.RegularExpressions.Match[]"
"True","17","@RequestMapping(""/api/user-roles"")","UserRoleController.java","C:\TEAC2026\ilp_backend\auth-service\src\main\java\com\inclusive\authservice\controller\authorization\UserRoleController.java","assessments|kolb|felder|silverman|kuder|@RequestMapping|@PostMapping",,"System.Text.RegularExpressions.Match[]"
"True","23","    @PostMapping","UserRoleController.java","C:\TEAC2026\ilp_backend\auth-service\src\main\java\com\inclusive\authservice\controller\authorization\UserRoleController.java","assessments|kolb|felder|silverman|kuder|@RequestMapping|@PostMapping",,"System.Text.RegularExpressions.Match[]"
"True","16","@RequestMapping(""/api/common/resources"")","CommonResourceController.java","C:\TEAC2026\ilp_backend\commons-service\src\main\java\com\inclusive\learning\commons\controller\CommonResourceController.java","assessments|kolb|felder|silverman|kuder|@RequestMapping|@PostMapping",,"System.Text.RegularExpressions.Match[]"
"True","35","    @PostMapping","CommonResourceController.java","C:\TEAC2026\ilp_backend\commons-service\src\main\java\com\inclusive\learning\commons\controller\CommonResourceController.java","assessments|kolb|felder|silverman|kuder|@RequestMapping|@PostMapping",,"System.Text.RegularExpressions.Match[]"
"True","11","@RequestMapping(""/api/resources"")","ResourceController.java","C:\TEAC2026\ilp_backend\commons-service\src\main\java\com\inclusive\learning\commons\entity\controller\ResourceController.java","assessments|kolb|felder|silverman|kuder|@RequestMapping|@PostMapping",,"System.Text.RegularExpressions.Match[]"
"True","57","@RequestMapping(""/analytics"")","LearningAnalyticsController.java","C:\TEAC2026\ilp_backend\educational-diagnosis-service\src\main\java\com\inclusive\diagnosis\analytics\controller\LearningAnalyticsController.java","assessments|kolb|felder|silverman|kuder|@RequestMapping|@PostMapping",,"System.Text.RegularExpressions.Match[]"
"True","21","@RequestMapping(""/diagnoses"")","InclusiveDiagnosisController.java","C:\TEAC2026\ilp_backend\educational-diagnosis-service\src\main\java\com\inclusive\diagnosis\diagnosis\controller\InclusiveDiagnosisController.java","assessments|kolb|felder|silverman|kuder|@RequestMapping|@PostMapping",,"System.Text.RegularExpressions.Match[]"
"True","27","    @PostMapping","InclusiveDiagnosisController.java","C:\TEAC2026\ilp_backend\educational-diagnosis-service\src\main\java\com\inclusive\diagnosis\diagnosis\controller\InclusiveDiagnosisController.java","assessments|kolb|felder|silverman|kuder|@RequestMapping|@PostMapping",,"System.Text.RegularExpressions.Match[]"
"True","21","@RequestMapping(""/dua-recommendations"")","DuaRecommendationController.java","C:\TEAC2026\ilp_backend\educational-diagnosis-service\src\main\java\com\inclusive\diagnosis\dua\controller\DuaRecommendationController.java","assessments|kolb|felder|silverman|kuder|@RequestMapping|@PostMapping",,"System.Text.RegularExpressions.Match[]"
"True","27","    @PostMapping","DuaRecommendationController.java","C:\TEAC2026\ilp_backend\educational-diagnosis-service\src\main\java\com\inclusive\diagnosis\dua\controller\DuaRecommendationController.java","assessments|kolb|felder|silverman|kuder|@RequestMapping|@PostMapping",,"System.Text.RegularExpressions.Match[]"
"True","21","@RequestMapping(""/indicators"")","LearningIndicatorController.java","C:\TEAC2026\ilp_backend\educational-diagnosis-service\src\main\java\com\inclusive\diagnosis\indicator\controller\LearningIndicatorController.java","assessments|kolb|felder|silverman|kuder|@RequestMapping|@PostMapping",,"System.Text.RegularExpressions.Match[]"
"True","27","    @PostMapping","LearningIndicatorController.java","C:\TEAC2026\ilp_backend\educational-diagnosis-service\src\main\java\com\inclusive\diagnosis\indicator\controller\LearningIndicatorController.java","assessments|kolb|felder|silverman|kuder|@RequestMapping|@PostMapping",,"System.Text.RegularExpressions.Match[]"
"True","21","@RequestMapping(""/interventions"")","InterventionExecutionController.java","C:\TEAC2026\ilp_backend\educational-diagnosis-service\src\main\java\com\inclusive\diagnosis\intervention\controller\InterventionExecutionController.java","assessments|kolb|felder|silverman|kuder|@RequestMapping|@PostMapping",,"System.Text.RegularExpressions.Match[]"
"True","27","    @PostMapping","InterventionExecutionController.java","C:\TEAC2026\ilp_backend\educational-diagnosis-service\src\main\java\com\inclusive\diagnosis\intervention\controller\InterventionExecutionController.java","assessments|kolb|felder|silverman|kuder|@RequestMapping|@PostMapping",,"System.Text.RegularExpressions.Match[]"
"True","17","@RequestMapping(""/questionnaires"")","DiagnosticQuestionnaireController.java","C:\TEAC2026\ilp_backend\educational-diagnosis-service\src\main\java\com\inclusive\diagnosis\questionnaire\controller\DiagnosticQuestionnaireController.java","assessments|kolb|felder|silverman|kuder|@RequestMapping|@PostMapping",,"System.Text.RegularExpressions.Match[]"
"True","23","    @PostMapping","DiagnosticQuestionnaireController.java","C:\TEAC2026\ilp_backend\educational-diagnosis-service\src\main\java\com\inclusive\diagnosis\questionnaire\controller\DiagnosticQuestionnaireController.java","assessments|kolb|felder|silverman|kuder|@RequestMapping|@PostMapping",,"System.Text.RegularExpressions.Match[]"
"True","18","@RequestMapping(""/responses"")","DiagnosticResponseController.java","C:\TEAC2026\ilp_backend\educational-diagnosis-service\src\main\java\com\inclusive\diagnosis\response\controller\DiagnosticResponseController.java","assessments|kolb|felder|silverman|kuder|@RequestMapping|@PostMapping",,"System.Text.RegularExpressions.Match[]"
"True","27","    @PostMapping","DiagnosticResponseController.java","C:\TEAC2026\ilp_backend\educational-diagnosis-service\src\main\java\com\inclusive\diagnosis\response\controller\DiagnosticResponseController.java","assessments|kolb|felder|silverman|kuder|@RequestMapping|@PostMapping",,"System.Text.RegularExpressions.Match[]"
"True","20","@RequestMapping(""/students"")","StudentProfileController.java","C:\TEAC2026\ilp_backend\educational-diagnosis-service\src\main\java\com\inclusive\diagnosis\student\controller\StudentProfileController.java","assessments|kolb|felder|silverman|kuder|@RequestMapping|@PostMapping",,"System.Text.RegularExpressions.Match[]"
"True","26","    @PostMapping","StudentProfileController.java","C:\TEAC2026\ilp_backend\educational-diagnosis-service\src\main\java\com\inclusive\diagnosis\student\controller\StudentProfileController.java","assessments|kolb|felder|silverman|kuder|@RequestMapping|@PostMapping",,"System.Text.RegularExpressions.Match[]"
"True","18","@RequestMapping(""/api/monitoring/events"")","MonitoringEventController.java","C:\TEAC2026\ilp_backend\monitoring-service\src\main\java\com\inclusive\monitoringservice\controller\MonitoringEventController.java","assessments|kolb|felder|silverman|kuder|@RequestMapping|@PostMapping",,"System.Text.RegularExpressions.Match[]"
"True","37","    @PostMapping","MonitoringEventController.java","C:\TEAC2026\ilp_backend\monitoring-service\src\main\java\com\inclusive\monitoringservice\controller\MonitoringEventController.java","assessments|kolb|felder|silverman|kuder|@RequestMapping|@PostMapping",,"System.Text.RegularExpressions.Match[]"
"True","19","@RequestMapping(""/api/reports/jobs"")","ReportJobController.java","C:\TEAC2026\ilp_backend\report-service\src\main\java\com\inclusive\reportservice\controller\ReportJobController.java","assessments|kolb|felder|silverman|kuder|@RequestMapping|@PostMapping",,"System.Text.RegularExpressions.Match[]"
"True","38","    @PostMapping","ReportJobController.java","C:\TEAC2026\ilp_backend\report-service\src\main\java\com\inclusive\reportservice\controller\ReportJobController.java","assessments|kolb|felder|silverman|kuder|@RequestMapping|@PostMapping",,"System.Text.RegularExpressions.Match[]"
"True","19","@RequestMapping(""/api/v1/students"")","StudentController.java","C:\TEAC2026\ilp_backend\student-service\src\main\java\com\inclusive\studentservice\controller\StudentController.java","assessments|kolb|felder|silverman|kuder|@RequestMapping|@PostMapping",,"System.Text.RegularExpressions.Match[]"
"True","33","    @PostMapping","StudentController.java","C:\TEAC2026\ilp_backend\student-service\src\main\java\com\inclusive\studentservice\controller\StudentController.java","assessments|kolb|felder|silverman|kuder|@RequestMapping|@PostMapping",,"System.Text.RegularExpressions.Match[]"
"True","19","@RequestMapping(""/api/tenants"")","TenantController.java","C:\TEAC2026\ilp_backend\tenant-service\src\main\java\com\inclusive\tenantservice\controller\TenantController.java","assessments|kolb|felder|silverman|kuder|@RequestMapping|@PostMapping",,"System.Text.RegularExpressions.Match[]"
"True","38","    @PostMapping","TenantController.java","C:\TEAC2026\ilp_backend\tenant-service\src\main\java\com\inclusive\tenantservice\controller\TenantController.java","assessments|kolb|felder|silverman|kuder|@RequestMapping|@PostMapping",,"System.Text.RegularExpressions.Match[]"
"True","10","@RequestMapping(""/api/tenants"")","TenantController.java","C:\TEAC2026\ilp_backend\_legacy_backup_2026_01__IGNORED\controller\TenantController.java","assessments|kolb|felder|silverman|kuder|@RequestMapping|@PostMapping",,"System.Text.RegularExpressions.Match[]"
"True","31","    @PostMapping","TenantController.java","C:\TEAC2026\ilp_backend\_legacy_backup_2026_01__IGNORED\controller\TenantController.java","assessments|kolb|felder|silverman|kuder|@RequestMapping|@PostMapping",,"System.Text.RegularExpressions.Match[]"
"True","9","@RequestMapping(""/api/resource"")","ResourceController.java","C:\TEAC2026\ilp_backend\_legacy_backup_2026_01__IGNORED\src\main\java\com\inclusive\learning\commons\entity\controller\ResourceController.java","assessments|kolb|felder|silverman|kuder|@RequestMapping|@PostMapping",,"System.Text.RegularExpressions.Match[]"
"True","21","    @PostMapping","ResourceController.java","C:\TEAC2026\ilp_backend\_legacy_backup_2026_01__IGNORED\src\main\java\com\inclusive\learning\commons\entity\controller\ResourceController.java","assessments|kolb|felder|silverman|kuder|@RequestMapping|@PostMapping",,"System.Text.RegularExpressions.Match[]"
"True","7","@RequestMapping(""/api/inclusive-learning-platform-backend"")","inclusive-learning-platform-backendController.java","C:\TEAC2026\ilp_backend\_legacy_backup_2026_01__IGNORED\src\main\java\controller\inclusive-learning-platform-backendController.java","assessments|kolb|felder|silverman|kuder|@RequestMapping|@PostMapping",,"System.Text.RegularExpressions.Match[]"
"True","20","    @PostMapping","inclusive-learning-platform-backendController.java","C:\TEAC2026\ilp_backend\_legacy_backup_2026_01__IGNORED\src\main\java\controller\inclusive-learning-platform-backendController.java","assessments|kolb|felder|silverman|kuder|@RequestMapping|@PostMapping",,"System.Text.RegularExpressions.Match[]"
"True","12","@RequestMapping(""/resources"")","ResourceController.java","C:\TEAC2026\ilp_backend\ResourceController.java","assessments|kolb|felder|silverman|kuder|@RequestMapping|@PostMapping",,"System.Text.RegularExpressions.Match[]"
"True","30","    @PostMapping","ResourceController.java","C:\TEAC2026\ilp_backend\ResourceController.java","assessments|kolb|felder|silverman|kuder|@RequestMapping|@PostMapping",,"System.Text.RegularExpressions.Match[]"
